patient_id,traffic_source,device
1,Organic Search,IOS 17.4
2,Meta Ads,IOS 16.5
3,Direct,Android 8.3
4,Direct,Android 12.1
5,Direct,IOS 13.4
6,Direct,Android 11.3
7,Organic Search,IOS 17.1
8,Referral,Android 9.0
9,Direct,Android 12.4
10,Organic Search,Android 10.3
11,Meta Ads,Android 9.0
12,Referral,Android 12.3
13,Direct,IOS 14.4
14,Google Ads,Android 10.1
15,Organic Search,Android 12.2
16,Meta Ads,IOS 16.2
17,Direct,IOS 14.4
18,Organic Search,Android 9.5
19,Apple Ads,IOS 17.4
20,Google Ads,IOS 13.3
21,Direct,IOS 15.1
22,Apple Ads,IOS 17.4
23,Direct,Android 9.1
24,Direct,Android 10.0
25,Organic Search,Android 12.3
26,Apple Ads,IOS 17.4
27,Referral,IOS 14.5
28,Meta Ads,Android 10.3
29,Organic Search,Android 9.0
30,Referral,IOS 12.4
31,Meta Ads,Android 10.3
32,Direct,Android 12.3
33,Apple Ads,IOS 15.2
34,Direct,Android 10.5
35,Referral,Android 12.5
36,Organic Search,Android 10.5
37,Referral,Android 9.4
38,Direct,IOS 13.4
39,Apple Ads,IOS 12.4
40,Apple Ads,IOS 17.4
41,Apple Ads,IOS 17.4
42,Apple Ads,IOS 17.4
43,Apple Ads,IOS 17.1
44,Referral,Android 8.2
45,Referral,IOS 14.3
46,Organic Search,Android 10.2
47,Direct,Android 9.1
48,Referral,Android 11.3
49,Meta Ads,Android 10.0
50,Direct,Android 10.2
51,Referral,Android 10.0
52,Referral,IOS 14.5
53,Apple Ads,IOS 15.5
54,Referral,Android 9.3
55,Referral,IOS 13.0
56,Apple Ads,IOS 16.5
57,Organic Search,Android 9.1
58,Organic Search,Android 8.5
59,Direct,IOS 18.3
60,Referral,Android 9.2
61,Organic Search,IOS 17.1
62,Google Ads,IOS 15.2
63,Direct,IOS 13.1
64,Organic Search,IOS 18.1
65,Apple Ads,IOS 17.4
66,Google Ads,Android 10.4
67,Referral,IOS 17.1
68,Referral,Android 10.0
69,Referral,IOS 14.0
70,Direct,Android 11.1
71,Google Ads,Android 11.0
72,Organic Search,IOS 15.1
73,Organic Search,Android 11.2
74,Referral,IOS 14.1
75,Direct,IOS 14.5
76,Organic Search,IOS 13.5
77,Organic Search,IOS 12.5
78,Referral,IOS 16.0
79,Referral,IOS 14.1
80,Organic Search,Android 8.1
81,Organic Search,IOS 13.4
82,Meta Ads,Android 8.1
83,Referral,IOS 15.0
84,Organic Search,Android 9.5
85,Organic Search,Android 11.4
86,Direct,Android 11.5
87,Direct,Android 9.5
88,Referral,IOS 18.0
89,Meta Ads,Android 10.4
90,Organic Search,Android 9.3
91,Organic Search,Android 8.3
92,Direct,IOS 17.1
93,Referral,Android 11.2
94,Google Ads,IOS 17.2
95,Google Ads,Android 10.1
96,Direct,Android 12.3
97,Referral,Android 11.2
98,Organic Search,IOS 18.2
99,Apple Ads,IOS 16.4
100,Apple Ads,IOS 12.1
101,Direct,Android 10.3
102,Direct,IOS 12.3
103,Referral,IOS 14.4
104,Organic Search,IOS 17.2
105,Referral,IOS 16.0
106,Direct,Android 9.2
107,Google Ads,IOS 13.0
108,Direct,IOS 15.0
109,Organic Search,IOS 13.1
110,Apple Ads,IOS 12.1
111,Organic Search,Android 9.1
112,Direct,Android 10.5
113,Referral,Android 11.2
114,Organic Search,IOS 13.3
115,Direct,IOS 13.1
116,Direct,Android 10.0
117,Organic Search,IOS 13.3
118,Google Ads,IOS 12.4
119,Referral,IOS 18.3
120,Direct,Android 9.1
121,Organic Search,Android 12.1
122,Direct,Android 10.1
123,Direct,IOS 18.3
124,Referral,IOS 12.1
125,Organic Search,Android 10.2
126,Google Ads,Android 9.1
127,Direct,IOS 14.5
128,Direct,Android 10.2
129,Organic Search,Android 9.5
130,Direct,Android 10.0
131,Google Ads,IOS 13.2
132,Referral,IOS 17.0
133,Referral,Android 9.5
134,Apple Ads,IOS 18.2
135,Direct,Android 8.4
136,Direct,IOS 13.0
137,Apple Ads,IOS 17.4
138,Google Ads,IOS 15.1
139,Google Ads,IOS 16.3
140,Organic Search,IOS 17.3
141,Organic Search,IOS 15.0
142,Referral,IOS 14.3
143,Referral,IOS 15.0
144,Direct,IOS 12.5
145,Organic Search,IOS 13.1
146,Referral,Android 12.4
147,Organic Search,IOS 17.3
148,Google Ads,IOS 15.0
149,Referral,Android 8.3
150,Direct,IOS 13.3
151,Organic Search,Android 10.0
152,Direct,Android 11.4
153,Referral,Android 12.5
154,Direct,Android 9.0
155,Organic Search,Android 11.3
156,Organic Search,IOS 14.0
157,Direct,Android 10.4
158,Referral,IOS 13.3
159,Direct,IOS 16.3
160,Referral,Android 10.0
161,Direct,IOS 14.4
162,Referral,Android 12.0
163,Referral,IOS 13.5
164,Direct,Android 12.4
165,Apple Ads,IOS 18.0
166,Referral,Android 11.4
167,Direct,IOS 15.0
168,Organic Search,IOS 14.2
169,Organic Search,Android 10.3
170,Referral,IOS 15.0
171,Referral,Android 8.1
172,Google Ads,Android 10.3
173,Organic Search,IOS 16.3
174,Referral,Android 9.4
175,Direct,Android 11.2
176,Google Ads,IOS 14.3
177,Meta Ads,IOS 16.4
178,Organic Search,Android 12.3
179,Direct,Android 11.4
180,Organic Search,Android 9.2
181,Meta Ads,IOS 15.1
182,Direct,Android 11.3
183,Direct,IOS 18.5
184,Direct,Android 9.2
185,Referral,IOS 16.0
186,Organic Search,IOS 17.0
187,Direct,Android 10.3
188,Apple Ads,IOS 17.4
189,Referral,Android 8.3
190,Google Ads,IOS 12.0
191,Referral,IOS 12.3
192,Organic Search,IOS 18.3
193,Organic Search,Android 9.5
194,Referral,Android 12.0
195,Direct,IOS 15.0
196,Direct,Android 12.2
197,Referral,IOS 17.2
198,Organic Search,IOS 16.4
199,Organic Search,Android 8.5
200,Direct,IOS 14.4
201,Direct,Android 12.1
202,Referral,Android 8.2
203,Referral,IOS 13.2
204,Meta Ads,Android 8.1
205,Organic Search,Android 11.4
206,Organic Search,IOS 15.3
207,Referral,Android 11.1
208,Organic Search,Android 10.3
209,Organic Search,IOS 14.2
210,Organic Search,IOS 17.3
211,Direct,IOS 16.3
212,Organic Search,IOS 17.5
213,Organic Search,IOS 15.2
214,Google Ads,IOS 18.3
215,Organic Search,Android 9.2
216,Direct,IOS 16.1
217,Direct,Android 11.0
218,Organic Search,IOS 18.2
219,Direct,IOS 16.2
220,Organic Search,Android 9.2
221,Referral,IOS 12.4
222,Organic Search,IOS 15.0
223,Direct,Android 11.0
224,Organic Search,Android 9.4
225,Meta Ads,IOS 16.5
226,Direct,Android 11.0
227,Referral,IOS 17.0
228,Direct,IOS 15.4
229,Referral,IOS 14.3
230,Direct,Android 8.3
231,Direct,IOS 17.3
232,Direct,Android 11.1
233,Referral,Android 12.0
234,Referral,Android 9.3
235,Referral,Android 11.0
236,Organic Search,Android 12.4
237,Referral,IOS 14.2
238,Referral,IOS 18.1
239,Referral,IOS 14.3
240,Google Ads,IOS 15.3
241,Direct,Android 11.2
242,Google Ads,IOS 12.1
243,Direct,IOS 18.2
244,Direct,Android 9.3
245,Organic Search,IOS 16.5
246,Meta Ads,Android 12.5
247,Referral,Android 11.3
248,Google Ads,IOS 15.0
249,Referral,IOS 14.2
250,Referral,IOS 12.0
251,Direct,IOS 13.3
252,Referral,IOS 17.4
253,Direct,IOS 13.1
254,Referral,IOS 15.2
255,Direct,Android 8.3
256,Organic Search,Android 9.1
257,Direct,Android 11.5
258,Apple Ads,IOS 17.2
259,Referral,Android 8.1
260,Organic Search,Android 8.4
261,Meta Ads,Android 10.2
262,Organic Search,IOS 17.3
263,Referral,Android 9.2
264,Referral,IOS 13.4
265,Meta Ads,Android 11.0
266,Organic Search,IOS 18.5
267,Apple Ads,IOS 17.0
268,Direct,Android 12.1
269,Meta Ads,Android 11.5
270,Apple Ads,IOS 13.0
271,Organic Search,Android 9.5
272,Direct,Android 12.3
273,Google Ads,Android 11.1
274,Referral,IOS 16.5
275,Direct,Android 8.1
276,Referral,IOS 12.3
277,Direct,IOS 15.5
278,Apple Ads,IOS 17.4
279,Apple Ads,IOS 15.5
280,Apple Ads,IOS 16.2
281,Apple Ads,IOS 17.4
282,Apple Ads,IOS 14.5
283,Apple Ads,IOS 14.5
284,Direct,Android 9.4
285,Referral,IOS 17.5
286,Organic Search,Android 12.5
287,Direct,IOS 16.1
288,Direct,IOS 15.5
289,Organic Search,Android 10.2
290,Referral,Android 10.3
291,Apple Ads,IOS 17.1
292,Meta Ads,IOS 12.3
293,Direct,IOS 14.4
294,Organic Search,IOS 17.1
295,Direct,Android 8.4
296,Organic Search,Android 11.0
297,Organic Search,Android 12.5
298,Meta Ads,Android 10.2
299,Referral,Android 11.5
300,Google Ads,IOS 13.4
301,Referral,IOS 16.3
302,Referral,IOS 14.0
303,Direct,Android 12.2
304,Meta Ads,Android 9.4
305,Referral,IOS 17.2
306,Google Ads,Android 11.1
307,Direct,Android 9.2
308,Apple Ads,IOS 17.4
309,Direct,IOS 13.1
310,Google Ads,Android 11.4
311,Apple Ads,IOS 16.0
312,Meta Ads,IOS 14.0
313,Direct,IOS 13.3
314,Google Ads,Android 10.2
315,Organic Search,Android 11.5
316,Apple Ads,IOS 12.5
317,Organic Search,IOS 15.1
318,Organic Search,IOS 13.4
319,Meta Ads,IOS 17.0
320,Apple Ads,IOS 16.5
321,Direct,Android 8.1
322,Referral,Android 9.2
323,Direct,IOS 14.2
324,Direct,Android 11.4
325,Apple Ads,IOS 12.0
326,Google Ads,Android 8.3
327,Direct,Android 8.1
328,Organic Search,Android 9.0
329,Organic Search,IOS 14.5
330,Referral,IOS 16.2
331,Meta Ads,Android 10.5
332,Direct,IOS 13.5
333,Referral,IOS 14.5
334,Google Ads,Android 11.5
335,Organic Search,IOS 12.1
336,Organic Search,Android 8.2
337,Referral,Android 9.1
338,Meta Ads,Android 12.2
339,Apple Ads,IOS 17.4
340,Referral,IOS 14.3
341,Apple Ads,Android 12.2
342,Meta Ads,IOS 12.3
343,Meta Ads,IOS 17.5
344,Direct,IOS 15.2
345,Meta Ads,Android 9.2
346,Direct,Android 12.4
347,Meta Ads,Android 9.3
348,Google Ads,IOS 18.2
349,Referral,Android 8.4
350,Direct,IOS 15.2
351,Organic Search,IOS 15.0
352,Direct,Android 9.4
353,Referral,Android 8.3
354,Google Ads,IOS 12.3
355,Organic Search,IOS 17.2
356,Google Ads,Android 9.5
357,Direct,Android 10.3
358,Organic Search,Android 8.3
359,Referral,IOS 16.3
360,Organic Search,Android 10.2
361,Referral,Android 10.0
362,Organic Search,Android 8.1
363,Referral,IOS 17.3
364,Organic Search,IOS 13.5
365,Direct,IOS 18.4
366,Organic Search,Android 11.0
367,Referral,IOS 13.5
368,Organic Search,IOS 18.3
369,Referral,Android 12.0
370,Organic Search,Android 8.5
371,Organic Search,IOS 14.1
372,Referral,IOS 16.0
373,Direct,Android 11.2
374,Direct,IOS 12.1
375,Organic Search,Android 11.0
376,Referral,IOS 13.0
377,Referral,IOS 12.0
378,Direct,Android 10.1
379,Organic Search,IOS 14.2
380,Referral,IOS 17.3
381,Meta Ads,IOS 15.5
382,Meta Ads,Android 11.4
383,Direct,IOS 13.4
384,Apple Ads,IOS 17.4
385,Google Ads,Android 8.0
386,Organic Search,IOS 15.3
387,Referral,Android 8.4
388,Referral,IOS 17.2
389,Apple Ads,IOS 17.4
390,Direct,Android 9.2
391,Organic Search,Android 11.3
392,Direct,Android 11.1
393,Referral,IOS 12.5
394,Referral,Android 10.2
395,Organic Search,IOS 15.0
396,Referral,IOS 12.4
397,Organic Search,IOS 15.4
398,Direct,Android 9.0
399,Referral,IOS 17.3
400,Direct,Android 9.5
401,Apple Ads,IOS 17.4
402,Referral,Android 12.0
403,Organic Search,Android 9.5
404,Direct,IOS 14.0
405,Referral,IOS 18.1
406,Referral,Android 12.2
407,Apple Ads,IOS 14.2
408,Organic Search,IOS 12.5
409,Direct,IOS 13.5
410,Organic Search,IOS 17.3
411,Direct,Android 9.0
412,Organic Search,IOS 13.0
413,Referral,Android 11.2
414,Google Ads,Android 9.3
415,Organic Search,IOS 13.0
416,Direct,Android 8.4
417,Referral,Android 8.0
418,Meta Ads,Android 8.2
419,Referral,Android 9.0
420,Direct,Android 12.4
421,Referral,Android 10.3
422,Organic Search,IOS 17.1
423,Organic Search,Android 10.0
424,Organic Search,IOS 12.1
425,Organic Search,IOS 18.2
426,Google Ads,Android 12.4
427,Direct,IOS 13.4
428,Referral,Android 9.1
429,Google Ads,Android 11.3
430,Referral,IOS 13.1
431,Referral,Android 9.1
432,Meta Ads,Android 12.5
433,Direct,IOS 13.3
434,Direct,Android 10.3
435,Organic Search,IOS 14.5
436,Organic Search,IOS 18.1
437,Organic Search,IOS 18.2
438,Organic Search,IOS 17.0
439,Referral,Android 9.3
440,Organic Search,Android 9.2
441,Direct,IOS 14.4
442,Direct,Android 9.2
443,Organic Search,Android 12.3
444,Google Ads,IOS 16.4
445,Referral,IOS 18.2
446,Direct,Android 8.0
447,Organic Search,Android 12.2
448,Referral,Android 11.0
449,Direct,IOS 17.0
450,Direct,Android 8.5
451,Direct,IOS 17.2
452,Apple Ads,IOS 17.4
453,Organic Search,Android 9.3
454,Referral,Android 9.3
455,Referral,Android 10.3
456,Referral,Android 9.0
457,Referral,IOS 17.5
458,Organic Search,IOS 18.1
459,Meta Ads,IOS 14.3
460,Apple Ads,IOS 13.4
461,Organic Search,IOS 14.5
462,Meta Ads,IOS 16.3
463,Organic Search,IOS 14.1
464,Organic Search,IOS 13.1
465,Referral,IOS 18.2
466,Apple Ads,IOS 15.2
467,Direct,IOS 15.4
468,Referral,Android 10.1
469,Apple Ads,IOS 17.4
470,Direct,IOS 13.2
471,Referral,Android 11.5
472,Referral,Android 10.1
473,Referral,Android 8.3
474,Direct,Android 11.4
475,Direct,IOS 13.1
476,Meta Ads,IOS 14.2
477,Organic Search,Android 11.5
478,Google Ads,Android 9.4
479,Organic Search,IOS 12.5
480,Direct,Android 11.5
481,Organic Search,IOS 16.1
482,Organic Search,IOS 18.0
483,Organic Search,IOS 12.3
484,Direct,IOS 16.5
485,Organic Search,IOS 16.3
486,Organic Search,IOS 14.1
487,Direct,Android 9.0
488,Google Ads,Android 11.3
489,Meta Ads,IOS 16.5
490,Google Ads,IOS 14.1
491,Google Ads,Android 10.3
492,Organic Search,IOS 13.1
493,Organic Search,Android 12.1
494,Direct,IOS 12.1
495,Direct,IOS 15.5
496,Apple Ads,IOS 13.1
497,Organic Search,IOS 15.3
498,Referral,Android 9.1
499,Direct,IOS 13.5
500,Apple Ads,Android 12.4
501,Meta Ads,Android 9.3
502,Apple Ads,IOS 15.0
503,Organic Search,IOS 18.0
504,Organic Search,Android 12.2
505,Apple Ads,IOS 17.4
506,Referral,IOS 15.1
507,Direct,IOS 16.1
508,Direct,IOS 14.4
509,Organic Search,Android 9.4
510,Direct,Android 8.3
511,Direct,Android 8.1
512,Meta Ads,IOS 12.1
513,Referral,Android 8.2
514,Google Ads,IOS 17.1
515,Direct,Android 11.4
516,Referral,IOS 15.3
517,Google Ads,IOS 17.0
518,Referral,IOS 18.1
519,Referral,IOS 15.1
520,Referral,Android 11.3
521,Organic Search,Android 12.1
522,Direct,IOS 16.4
523,Google Ads,IOS 16.3
524,Referral,IOS 15.4
525,Direct,Android 8.3
526,Organic Search,IOS 17.4
527,Meta Ads,IOS 18.1
528,Apple Ads,IOS 17.4
529,Direct,Android 12.4
530,Referral,Android 12.3
531,Direct,Android 9.2
532,Organic Search,IOS 15.1
533,Organic Search,IOS 14.2
534,Direct,IOS 12.1
535,Meta Ads,IOS 13.5
536,Referral,Android 8.4
537,Google Ads,Android 11.0
538,Referral,Android 12.2
539,Organic Search,IOS 13.5
540,Direct,Android 11.1
541,Meta Ads,Android 9.4
542,Organic Search,Android 12.3
543,Direct,Android 9.4
544,Direct,Android 10.3
545,Apple Ads,IOS 17.4
546,Direct,Android 10.5
547,Referral,IOS 17.5
548,Direct,IOS 16.0
549,Direct,Android 8.5
550,Organic Search,IOS 18.1
551,Organic Search,Android 10.4
552,Meta Ads,IOS 14.1
553,Direct,IOS 12.4
554,Apple Ads,IOS 17.4
555,Organic Search,IOS 15.2
556,Google Ads,IOS 16.1
557,Direct,Android 12.4
558,Organic Search,IOS 18.3
559,Organic Search,IOS 18.2
560,Google Ads,Android 11.5
561,Meta Ads,IOS 15.2
562,Direct,IOS 16.3
563,Referral,IOS 14.1
564,Direct,IOS 17.1
565,Direct,IOS 17.2
566,Google Ads,Android 9.5
567,Referral,IOS 17.0
568,Organic Search,IOS 17.5
569,Referral,IOS 17.4
570,Google Ads,IOS 18.5
571,Organic Search,Android 10.3
572,Direct,Android 12.5
573,Referral,Android 8.1
574,Apple Ads,IOS 17.4
575,Referral,Android 8.5
576,Meta Ads,Android 12.2
577,Direct,Android 12.4
578,Referral,Android 11.2
579,Direct,Android 8.1
580,Apple Ads,IOS 13.0
581,Direct,IOS 17.1
582,Apple Ads,IOS 16.4
583,Organic Search,Android 12.4
584,Direct,Android 11.2
585,Organic Search,Android 8.5
586,Direct,IOS 12.5
587,Direct,Android 9.3
588,Direct,Android 10.0
589,Referral,Android 11.5
590,Direct,IOS 17.0
591,Direct,IOS 18.1
592,Referral,IOS 12.0
593,Meta Ads,Android 10.4
594,Direct,Android 8.2
595,Direct,Android 9.0
596,Google Ads,Android 9.1
597,Organic Search,IOS 13.0
598,Organic Search,IOS 18.0
599,Meta Ads,Android 8.1
600,Referral,Android 10.4
601,Referral,IOS 18.5
602,Meta Ads,IOS 16.0
603,Direct,IOS 12.4
604,Direct,IOS 14.0
605,Direct,IOS 18.1
606,Direct,IOS 14.1
607,Organic Search,Android 12.4
608,Google Ads,Android 11.5
609,Google Ads,IOS 14.3
610,Referral,Android 8.3
611,Organic Search,IOS 18.0
612,Organic Search,Android 12.3
613,Organic Search,Android 9.4
614,Direct,IOS 12.5
615,Referral,Android 10.0
616,Google Ads,IOS 13.1
617,Referral,IOS 16.5
618,Organic Search,Android 8.0
619,Organic Search,IOS 13.1
620,Referral,IOS 16.5
621,Organic Search,Android 11.0
622,Direct,IOS 14.3
623,Meta Ads,IOS 12.2
624,Direct,Android 8.2
625,Google Ads,Android 10.1
626,Referral,Android 12.4
627,Apple Ads,IOS 17.4
628,Direct,Android 11.2
629,Google Ads,IOS 18.3
630,Referral,IOS 16.5
631,Meta Ads,Android 12.4
632,Direct,Android 9.3
633,Apple Ads,IOS 16.0
634,Referral,Android 11.1
635,Google Ads,Android 9.2
636,Direct,Android 8.2
637,Google Ads,Android 10.5
638,Referral,IOS 15.3
639,Referral,IOS 13.4
640,Referral,Android 12.0
641,Referral,Android 10.0
642,Google Ads,IOS 14.5
643,Direct,IOS 12.1
644,Referral,Android 10.0
645,Referral,IOS 12.1
646,Apple Ads,IOS 17.4
647,Referral,IOS 15.0
648,Referral,IOS 12.2
649,Meta Ads,Android 9.5
650,Organic Search,Android 10.3
651,Meta Ads,Android 9.1
652,Meta Ads,IOS 18.5
653,Direct,IOS 13.1
654,Direct,Android 10.1
655,Organic Search,IOS 17.2
656,Referral,Android 10.5
657,Referral,IOS 12.2
658,Referral,Android 9.4
659,Direct,IOS 13.0
660,Organic Search,Android 8.1
661,Referral,IOS 15.2
662,Direct,Android 9.2
663,Organic Search,IOS 14.0
664,Organic Search,Android 11.5
665,Direct,IOS 12.1
666,Direct,Android 8.5
667,Direct,Android 10.4
668,Referral,Android 10.0
669,Referral,Android 8.1
670,Referral,Android 10.1
671,Organic Search,Android 12.3
672,Google Ads,Android 11.5
673,Referral,Android 11.5
674,Referral,Android 8.3
675,Meta Ads,IOS 14.0
676,Referral,Android 9.0
677,Meta Ads,Android 8.2
678,Organic Search,Android 12.0
679,Referral,Android 10.3
680,Direct,IOS 12.4
681,Direct,IOS 17.4
682,Direct,IOS 13.3
683,Direct,IOS 17.5
684,Organic Search,Android 10.3
685,Referral,IOS 13.1
686,Direct,Android 11.3
687,Organic Search,Android 9.4
688,Referral,IOS 12.1
689,Apple Ads,IOS 17.4
690,Organic Search,Android 11.3
691,Organic Search,IOS 18.5
692,Organic Search,Android 9.4
693,Organic Search,Android 11.3
694,Organic Search,Android 10.4
695,Direct,IOS 15.4
696,Organic Search,Android 10.0
697,Direct,Android 8.2
698,Direct,IOS 18.0
699,Direct,IOS 16.0
700,Referral,IOS 17.4
701,Referral,IOS 14.1
702,Direct,Android 10.0
703,Direct,IOS 12.4
704,Referral,Android 10.1
705,Google Ads,IOS 12.3
706,Apple Ads,IOS 17.4
707,Referral,IOS 18.1
708,Direct,IOS 12.1
709,Google Ads,IOS 14.3
710,Referral,Android 8.2
711,Organic Search,IOS 17.5
712,Organic Search,IOS 12.1
713,Direct,Android 12.2
714,Referral,Android 10.4
715,Meta Ads,Android 10.1
716,Meta Ads,IOS 18.5
717,Google Ads,Android 12.4
718,Direct,Android 11.2
719,Referral,IOS 18.1
720,Meta Ads,Android 11.4
721,Organic Search,IOS 17.5
722,Direct,Android 9.4
723,Organic Search,Android 11.0
724,Organic Search,Android 10.4
725,Direct,IOS 13.5
726,Referral,Android 11.5
727,Organic Search,Android 8.4
728,Referral,IOS 17.0
729,Referral,Android 9.0
730,Referral,IOS 14.0
731,Google Ads,IOS 15.0
732,Direct,IOS 12.2
733,Referral,Android 10.2
734,Google Ads,IOS 12.0
735,Referral,Android 11.3
736,Organic Search,Android 11.0
737,Organic Search,IOS 17.0
738,Direct,Android 12.4
739,Direct,Android 9.5
740,Direct,Android 11.3
741,Referral,Android 9.1
742,Organic Search,Android 12.2
743,Referral,IOS 15.2
744,Organic Search,Android 11.1
745,Referral,IOS 17.2
746,Direct,Android 11.0
747,Organic Search,IOS 14.2
748,Apple Ads,IOS 15.1
749,Referral,IOS 16.4
750,Google Ads,IOS 17.1
751,Direct,IOS 14.0
752,Apple Ads,IOS 17.4
753,Direct,IOS 17.4
754,Direct,IOS 15.3
755,Google Ads,IOS 12.5
756,Google Ads,IOS 13.1
757,Google Ads,Android 12.2
758,Meta Ads,Android 9.4
759,Meta Ads,IOS 12.3
760,Organic Search,Android 12.3
761,Meta Ads,IOS 17.0
762,Organic Search,IOS 13.0
763,Meta Ads,IOS 15.0
764,Referral,Android 12.4
765,Organic Search,Android 9.1
766,Referral,Android 11.3
767,Direct,IOS 16.4
768,Referral,Android 8.5
769,Referral,IOS 12.0
770,Referral,IOS 14.0
771,Meta Ads,IOS 18.4
772,Referral,Android 8.0
773,Direct,Android 11.1
774,Direct,Android 10.3
775,Direct,IOS 12.5
776,Referral,Android 8.5
777,Referral,Android 8.3
778,Direct,IOS 14.2
779,Organic Search,IOS 15.0
780,Referral,Android 11.2
781,Direct,Android 11.0
782,Direct,Android 12.5
783,Referral,IOS 12.3
784,Referral,Android 11.1
785,Meta Ads,IOS 14.3
786,Meta Ads,IOS 16.5
787,Referral,Android 12.0
788,Google Ads,Android 11.1
789,Direct,IOS 14.5
790,Direct,IOS 18.1
791,Direct,IOS 13.4
792,Apple Ads,IOS 17.4
793,Referral,IOS 12.0
794,Meta Ads,Android 11.3
795,Organic Search,Android 10.1
796,Google Ads,IOS 18.4
797,Referral,Android 10.2
798,Referral,IOS 16.4
799,Meta Ads,IOS 14.3
800,Referral,IOS 18.3
801,Direct,Android 12.1
802,Referral,IOS 16.4
803,Organic Search,Android 12.3
804,Organic Search,Android 9.2
805,Referral,IOS 16.2
806,Direct,Android 10.4
807,Direct,Android 11.3
808,Meta Ads,Android 10.0
809,Direct,Android 11.4
810,Organic Search,Android 12.0
811,Meta Ads,IOS 18.5
812,Organic Search,IOS 15.2
813,Direct,Android 8.5
814,Organic Search,Android 12.5
815,Referral,IOS 13.2
816,Apple Ads,IOS 16.0
817,Google Ads,Android 8.1
818,Direct,Android 12.5
819,Apple Ads,IOS 17.4
820,Direct,IOS 13.5
821,Organic Search,IOS 18.1
822,Meta Ads,Android 10.3
823,Direct,IOS 12.3
824,Direct,Android 10.5
825,Organic Search,Android 8.3
826,Google Ads,Android 9.0
827,Google Ads,Android 12.4
828,Apple Ads,IOS 17.4
829,Meta Ads,IOS 12.2
830,Apple Ads,IOS 17.4
831,Organic Search,IOS 12.2
832,Referral,IOS 14.1
833,Referral,Android 11.3
834,Referral,Android 8.1
835,Apple Ads,IOS 17.4
836,Organic Search,IOS 17.0
837,Referral,IOS 18.1
838,Referral,Android 10.2
839,Referral,Android 12.1
840,Google Ads,IOS 15.2
841,Organic Search,IOS 15.1
842,Organic Search,Android 11.0
843,Direct,Android 8.0
844,Google Ads,IOS 15.0
845,Meta Ads,Android 10.3
846,Direct,IOS 15.2
847,Direct,IOS 12.2
848,Direct,IOS 17.5
849,Meta Ads,IOS 15.4
850,Direct,Android 12.3
851,Google Ads,IOS 13.3
852,Google Ads,IOS 13.0
853,Referral,IOS 15.4
854,Organic Search,IOS 12.1
855,Apple Ads,Android 12.4
856,Referral,Android 12.4
857,Organic Search,Android 10.1
858,Google Ads,IOS 14.4
859,Referral,Android 9.0
860,Referral,IOS 12.5
861,Organic Search,Android 10.3
862,Referral,Android 10.4
863,Apple Ads,IOS 17.4
864,Direct,IOS 13.5
865,Organic Search,Android 9.4
866,Direct,IOS 14.1
867,Referral,IOS 18.3
868,Direct,IOS 18.5
869,Apple Ads,IOS 17.4
870,Meta Ads,IOS 15.4
871,Organic Search,IOS 13.0
872,Referral,Android 10.2
873,Direct,Android 12.1
874,Organic Search,IOS 13.2
875,Meta Ads,Android 12.2
876,Organic Search,IOS 17.2
877,Organic Search,Android 10.3
878,Organic Search,Android 12.5
879,Direct,IOS 14.0
880,Meta Ads,Android 12.0
881,Referral,Android 12.3
882,Organic Search,IOS 14.1
883,Direct,Android 9.5
884,Apple Ads,IOS 17.4
885,Organic Search,IOS 16.0
886,Apple Ads,IOS 15.1
887,Google Ads,Android 10.2
888,Meta Ads,IOS 16.5
889,Google Ads,IOS 18.4
890,Organic Search,IOS 14.5
891,Organic Search,IOS 12.0
892,Referral,Android 12.4
893,Referral,IOS 16.5
894,Organic Search,Android 10.2
895,Meta Ads,Android 11.3
896,Direct,Android 8.3
897,Referral,IOS 12.5
898,Organic Search,IOS 15.1
899,Google Ads,Android 12.1
900,Referral,IOS 14.4
901,Organic Search,IOS 14.0
902,Meta Ads,IOS 18.1
903,Referral,IOS 15.0
904,Meta Ads,IOS 14.4
905,Direct,Android 12.4
906,Meta Ads,Android 12.2
907,Referral,IOS 18.1
908,Organic Search,Android 12.3
909,Organic Search,Android 9.3
910,Referral,IOS 14.2
911,Meta Ads,Android 12.3
912,Meta Ads,Android 9.4
913,Google Ads,IOS 15.0
914,Google Ads,IOS 13.2
915,Apple Ads,IOS 17.4
916,Meta Ads,Android 8.4
917,Google Ads,IOS 16.2
918,Referral,IOS 13.1
919,Apple Ads,IOS 17.4
920,Referral,Android 9.3
921,Referral,Android 9.0
922,Apple Ads,IOS 17.4
923,Referral,Android 8.4
924,Organic Search,IOS 14.4
925,Direct,Android 9.5
926,Organic Search,Android 9.0
927,Referral,Android 12.3
928,Google Ads,IOS 18.0
929,Apple Ads,IOS 17.4
930,Referral,IOS 17.2
931,Google Ads,Android 10.2
932,Apple Ads,IOS 18.0
933,Google Ads,Android 10.5
934,Referral,Android 10.3
935,Meta Ads,IOS 18.0
936,Direct,Android 10.3
937,Referral,Android 9.5
938,Organic Search,Android 12.4
939,Organic Search,Android 11.0
940,Direct,Android 8.3
941,Organic Search,Android 11.5
942,Direct,IOS 13.0
943,Direct,IOS 14.2
944,Referral,Android 10.4
945,Direct,IOS 15.3
946,Organic Search,Android 11.5
947,Direct,Android 10.2
948,Meta Ads,IOS 15.5
949,Direct,Android 9.5
950,Referral,Android 11.1
951,Referral,Android 9.4
952,Organic Search,Android 12.1
953,Direct,IOS 17.0
954,Direct,Android 12.1
955,Organic Search,IOS 13.2
956,Meta Ads,Android 10.0
957,Referral,Android 8.3
958,Referral,IOS 16.2
959,Direct,Android 8.4
960,Referral,Android 11.5
961,Referral,Android 8.0
962,Organic Search,IOS 12.5
963,Organic Search,Android 9.0
964,Organic Search,IOS 15.0
965,Direct,IOS 17.3
966,Apple Ads,IOS 16.4
967,Organic Search,Android 9.5
968,Organic Search,IOS 12.3
969,Direct,Android 12.5
970,Referral,IOS 16.0
971,Organic Search,IOS 13.5
972,Direct,IOS 12.3
973,Apple Ads,IOS 16.3
974,Direct,Android 11.1
975,Organic Search,Android 11.4
976,Direct,IOS 13.5
977,Direct,Android 12.3
978,Organic Search,Android 11.4
979,Meta Ads,Android 10.4
980,Meta Ads,IOS 14.2
981,Referral,Android 9.5
982,Organic Search,Android 8.3
983,Apple Ads,IOS 16.5
984,Direct,IOS 12.3
985,Organic Search,Android 12.4
986,Direct,IOS 18.3
987,Google Ads,Android 10.0
988,Direct,Android 11.2
989,Direct,IOS 12.4
990,Apple Ads,IOS 17.0
991,Google Ads,Android 12.1
992,Referral,Android 12.0
993,Direct,IOS 13.3
994,Apple Ads,IOS 16.5
995,Referral,IOS 12.2
996,Apple Ads,IOS 17.4
997,Organic Search,Android 11.2
998,Apple Ads,IOS 18.5
999,Direct,Android 12.3
1000,Direct,Android 12.1
1001,Organic Search,Android 12.2
1002,Apple Ads,IOS 17.4
1003,Referral,Android 10.0
1004,Google Ads,IOS 12.1
1005,Referral,IOS 15.2
1006,Referral,IOS 12.4
1007,Referral,Android 12.3
1008,Referral,IOS 16.2
1009,Meta Ads,IOS 13.2
1010,Meta Ads,IOS 12.1
1011,Referral,IOS 17.0
1012,Google Ads,IOS 13.0
1013,Referral,Android 8.4
1014,Direct,IOS 16.4
1015,Referral,IOS 18.3
1016,Meta Ads,Android 11.3
1017,Google Ads,IOS 14.4
1018,Meta Ads,Android 9.1
1019,Referral,Android 10.4
1020,Organic Search,Android 10.0
1021,Direct,IOS 16.4
1022,Organic Search,IOS 18.2
1023,Direct,IOS 14.2
1024,Apple Ads,IOS 16.0
1025,Direct,IOS 12.0
1026,Google Ads,Android 8.5
1027,Direct,IOS 12.3
1028,Organic Search,IOS 14.5
1029,Google Ads,IOS 15.3
1030,Direct,IOS 18.4
1031,Google Ads,IOS 13.3
1032,Google Ads,Android 9.0
1033,Direct,IOS 13.4
1034,Referral,IOS 15.0
1035,Organic Search,IOS 13.4
1036,Apple Ads,IOS 17.2
1037,Apple Ads,IOS 14.3
1038,Organic Search,Android 11.0
1039,Direct,IOS 12.3
1040,Apple Ads,IOS 17.4
1041,Direct,Android 8.5
1042,Meta Ads,IOS 15.5
1043,Organic Search,IOS 14.3
1044,Referral,Android 11.0
1045,Apple Ads,IOS 17.4
1046,Referral,Android 8.3
1047,Google Ads,IOS 14.0
1048,Direct,Android 10.0
1049,Referral,Android 9.1
1050,Meta Ads,IOS 17.4
1051,Direct,IOS 16.0
1052,Direct,Android 9.3
1053,Meta Ads,IOS 15.0
1054,Direct,IOS 18.1
1055,Organic Search,IOS 17.3
1056,Google Ads,Android 12.1
1057,Direct,IOS 14.3
1058,Apple Ads,IOS 17.4
1059,Meta Ads,IOS 17.4
1060,Organic Search,Android 9.4
1061,Organic Search,Android 8.1
1062,Google Ads,IOS 18.3
1063,Referral,IOS 15.5
1064,Organic Search,IOS 16.4
1065,Referral,Android 12.4
1066,Referral,Android 11.4
1067,Organic Search,Android 9.3
1068,Organic Search,Android 12.2
1069,Organic Search,IOS 13.2
1070,Referral,Android 9.3
1071,Organic Search,Android 8.0
1072,Organic Search,IOS 18.1
1073,Referral,Android 9.3
1074,Meta Ads,IOS 13.5
1075,Organic Search,IOS 12.0
1076,Referral,IOS 13.1
1077,Referral,Android 11.4
1078,Organic Search,Android 10.2
1079,Referral,Android 12.0
1080,Referral,Android 8.4
1081,Referral,IOS 18.5
1082,Referral,Android 10.2
1083,Organic Search,Android 8.3
1084,Organic Search,Android 11.4
1085,Organic Search,Android 9.0
1086,Referral,Android 11.4
1087,Organic Search,Android 11.2
1088,Referral,IOS 12.0
1089,Direct,IOS 14.3
1090,Referral,IOS 12.4
1091,Organic Search,Android 11.2
1092,Referral,IOS 14.1
1093,Direct,Android 10.2
1094,Referral,IOS 14.0
1095,Organic Search,IOS 18.0
1096,Organic Search,IOS 18.1
1097,Direct,IOS 16.0
1098,Meta Ads,IOS 14.3
1099,Google Ads,IOS 16.3
1100,Referral,IOS 18.5
1101,Referral,Android 9.1
1102,Apple Ads,IOS 17.5
1103,Direct,IOS 17.4
1104,Meta Ads,Android 9.5
1105,Direct,Android 9.5
1106,Google Ads,Android 12.0
1107,Referral,Android 11.2
1108,Google Ads,IOS 14.0
1109,Referral,IOS 15.4
1110,Apple Ads,IOS 17.4
1111,Organic Search,Android 9.5
1112,Direct,IOS 17.2
1113,Referral,Android 11.0
1114,Organic Search,IOS 17.4
1115,Organic Search,Android 11.1
1116,Apple Ads,IOS 17.4
1117,Organic Search,Android 11.3
1118,Apple Ads,IOS 17.4
1119,Organic Search,Android 11.0
1120,Organic Search,Android 10.0
1121,Organic Search,Android 9.5
1122,Direct,Android 8.3
1123,Organic Search,Android 11.1
1124,Direct,Android 12.2
1125,Direct,Android 11.2
1126,Apple Ads,IOS 18.0
1127,Direct,Android 11.1
1128,Direct,Android 10.1
1129,Google Ads,IOS 18.2
1130,Apple Ads,IOS 13.0
1131,Organic Search,IOS 17.2
1132,Organic Search,Android 12.3
1133,Referral,Android 10.0
1134,Apple Ads,IOS 17.4
1135,Apple Ads,IOS 17.4
1136,Organic Search,Android 10.3
1137,Organic Search,IOS 14.3
1138,Meta Ads,Android 8.5
1139,Referral,IOS 16.0
1140,Referral,IOS 13.3
1141,Organic Search,IOS 13.0
1142,Direct,IOS 14.4
1143,Referral,Android 11.4
1144,Referral,IOS 12.4
1145,Organic Search,IOS 15.0
1146,Referral,Android 12.0
1147,Referral,Android 9.2
1148,Organic Search,IOS 12.3
1149,Direct,Android 9.2
1150,Referral,Android 10.5
1151,Direct,IOS 13.3
1152,Organic Search,IOS 15.0
1153,Direct,Android 8.0
1154,Referral,Android 10.4
1155,Direct,Android 10.2
1156,Organic Search,Android 9.4
1157,Google Ads,Android 8.0
1158,Apple Ads,IOS 17.4
1159,Direct,Android 10.4
1160,Direct,Android 8.2
1161,Apple Ads,IOS 17.4
1162,Direct,Android 9.5
1163,Direct,Android 10.2
1164,Referral,IOS 12.3
1165,Referral,Android 12.1
1166,Direct,IOS 12.4
1167,Direct,IOS 16.5
1168,Referral,IOS 12.0
1169,Organic Search,IOS 17.2
1170,Referral,Android 8.0
1171,Organic Search,Android 10.2
1172,Referral,Android 12.3
1173,Referral,IOS 17.4
1174,Organic Search,IOS 14.3
1175,Direct,Android 12.5
1176,Referral,IOS 16.5
1177,Organic Search,Android 8.0
1178,Organic Search,IOS 13.0
1179,Referral,IOS 17.0
1180,Referral,IOS 14.2
1181,Meta Ads,IOS 14.4
1182,Organic Search,Android 8.5
1183,Referral,Android 9.5
1184,Referral,IOS 13.1
1185,Referral,IOS 16.0
1186,Google Ads,IOS 13.3
1187,Referral,Android 11.0
1188,Referral,Android 10.4
1189,Organic Search,Android 11.3
1190,Referral,IOS 17.4
1191,Direct,IOS 17.3
1192,Apple Ads,IOS 12.3
1193,Referral,Android 9.2
1194,Referral,IOS 12.2
1195,Referral,Android 9.0
1196,Organic Search,Android 8.3
1197,Referral,IOS 17.0
1198,Referral,Android 8.4
1199,Organic Search,IOS 16.2
1200,Direct,Android 12.0
1201,Referral,Android 8.3
1202,Meta Ads,IOS 16.2
1203,Direct,Android 8.5
1204,Google Ads,Android 9.2
1205,Google Ads,Android 9.5
1206,Google Ads,Android 9.2
1207,Organic Search,IOS 13.4
1208,Organic Search,Android 10.0
1209,Direct,Android 12.0
1210,Organic Search,Android 10.0
1211,Referral,Android 11.0
1212,Direct,IOS 12.0
1213,Organic Search,Android 12.3
1214,Referral,IOS 15.1
1215,Google Ads,IOS 17.1
1216,Meta Ads,IOS 15.4
1217,Google Ads,IOS 14.0
1218,Direct,Android 11.5
1219,Meta Ads,IOS 13.1
1220,Referral,Android 11.3
1221,Google Ads,Android 9.1
1222,Referral,IOS 12.0
1223,Organic Search,IOS 16.2
1224,Apple Ads,IOS 17.4
1225,Direct,Android 11.4
1226,Meta Ads,IOS 17.4
1227,Direct,IOS 17.2
1228,Referral,IOS 12.2
1229,Referral,IOS 12.0
1230,Organic Search,Android 9.1
1231,Apple Ads,IOS 17.4
1232,Organic Search,IOS 12.1
1233,Organic Search,IOS 17.3
1234,Referral,IOS 14.5
1235,Google Ads,Android 8.2
1236,Referral,Android 9.3
1237,Direct,IOS 13.1
1238,Meta Ads,Android 11.0
1239,Referral,IOS 18.4
1240,Direct,IOS 16.2
1241,Organic Search,IOS 13.2
1242,Meta Ads,IOS 17.1
1243,Meta Ads,IOS 14.1
1244,Direct,IOS 17.3
1245,Apple Ads,IOS 17.4
1246,Referral,IOS 14.2
1247,Organic Search,Android 8.3
1248,Referral,Android 8.2
1249,Referral,Android 11.0
1250,Referral,Android 10.4
1251,Referral,Android 12.4
1252,Referral,Android 12.1
1253,Organic Search,Android 9.3
1254,Referral,Android 10.5
1255,Organic Search,IOS 17.1
1256,Direct,IOS 17.0
1257,Referral,IOS 12.2
1258,Apple Ads,IOS 15.3
1259,Organic Search,Android 10.3
1260,Apple Ads,IOS 17.4
1261,Organic Search,IOS 16.5
1262,Google Ads,Android 11.5
1263,Organic Search,Android 11.0
1264,Referral,Android 9.4
1265,Google Ads,Android 11.2
1266,Organic Search,Android 10.5
1267,Direct,Android 12.0
1268,Direct,IOS 13.4
1269,Google Ads,Android 10.0
1270,Direct,Android 10.5
1271,Referral,IOS 14.2
1272,Direct,Android 11.4
1273,Referral,Android 11.0
1274,Direct,IOS 13.0
1275,Meta Ads,Android 8.4
1276,Apple Ads,IOS 17.4
1277,Direct,Android 10.2
1278,Google Ads,IOS 14.3
1279,Referral,IOS 18.0
1280,Organic Search,IOS 12.4
1281,Referral,IOS 12.0
1282,Organic Search,Android 10.0
1283,Referral,Android 10.5
1284,Google Ads,IOS 12.2
1285,Referral,IOS 15.5
1286,Google Ads,IOS 12.1
1287,Meta Ads,Android 11.3
1288,Apple Ads,IOS 17.4
1289,Direct,Android 9.2
1290,Organic Search,Android 11.0
1291,Meta Ads,IOS 12.0
1292,Organic Search,IOS 16.2
1293,Direct,Android 9.3
1294,Google Ads,IOS 14.3
1295,Organic Search,IOS 18.2
1296,Referral,Android 11.4
1297,Direct,Android 11.3
1298,Meta Ads,IOS 16.4
1299,Organic Search,IOS 17.0
1300,Organic Search,Android 11.1
1301,Direct,IOS 12.4
1302,Referral,Android 10.1
1303,Google Ads,Android 11.4
1304,Organic Search,Android 9.4
1305,Direct,Android 10.4
1306,Google Ads,IOS 12.3
1307,Referral,IOS 13.4
1308,Organic Search,Android 9.1
1309,Referral,Android 11.4
1310,Referral,IOS 14.2
1311,Organic Search,Android 11.4
1312,Organic Search,Android 8.2
1313,Apple Ads,IOS 13.2
1314,Google Ads,Android 11.2
1315,Organic Search,IOS 18.2
1316,Referral,Android 9.1
1317,Referral,IOS 16.1
1318,Organic Search,Android 11.2
1319,Referral,Android 9.3
1320,Referral,IOS 18.4
1321,Apple Ads,IOS 12.2
1322,Direct,Android 10.3
1323,Organic Search,IOS 15.3
1324,Organic Search,Android 9.4
1325,Direct,Android 11.1
1326,Organic Search,Android 8.2
1327,Referral,IOS 18.5
1328,Direct,Android 10.5
1329,Organic Search,IOS 17.0
1330,Meta Ads,Android 11.4
1331,Organic Search,IOS 12.5
1332,Meta Ads,IOS 16.0
1333,Google Ads,IOS 15.0
1334,Google Ads,IOS 12.0
1335,Referral,IOS 18.2
1336,Referral,IOS 18.5
1337,Organic Search,Android 11.1
1338,Organic Search,IOS 15.3
1339,Referral,Android 12.5
1340,Direct,IOS 18.3
1341,Organic Search,Android 8.3
1342,Organic Search,Android 9.2
1343,Apple Ads,IOS 15.0
1344,Google Ads,IOS 14.3
1345,Meta Ads,IOS 13.0
1346,Referral,IOS 14.5
1347,Direct,IOS 14.5
1348,Organic Search,IOS 15.4
1349,Google Ads,IOS 14.3
1350,Google Ads,Android 9.2
1351,Organic Search,Android 10.4
1352,Direct,IOS 14.0
1353,Organic Search,IOS 15.2
1354,Referral,IOS 16.5
1355,Direct,Android 11.5
1356,Apple Ads,IOS 17.4
1357,Referral,Android 9.5
1358,Organic Search,Android 10.2
1359,Organic Search,Android 10.5
1360,Google Ads,IOS 14.5
1361,Organic Search,IOS 15.3
1362,Organic Search,IOS 16.5
1363,Direct,Android 8.0
1364,Referral,Android 9.3
1365,Organic Search,Android 11.3
1366,Meta Ads,Android 10.0
1367,Google Ads,Android 10.1
1368,Meta Ads,IOS 16.0
1369,Referral,IOS 13.0
1370,Direct,Android 12.2
1371,Organic Search,IOS 18.2
1372,Direct,IOS 14.0
1373,Direct,Android 10.2
1374,Direct,IOS 14.3
1375,Direct,Android 9.2
1376,Referral,IOS 18.1
1377,Referral,IOS 14.1
1378,Meta Ads,IOS 14.1
1379,Referral,IOS 12.3
1380,Referral,IOS 14.2
1381,Direct,Android 11.4
1382,Referral,Android 12.1
1383,Referral,Android 12.0
1384,Direct,Android 8.1
1385,Organic Search,IOS 16.4
1386,Organic Search,IOS 13.4
1387,Direct,IOS 18.4
1388,Referral,IOS 13.3
1389,Google Ads,IOS 15.0
1390,Direct,Android 11.5
1391,Referral,Android 9.4
1392,Google Ads,Android 10.4
1393,Referral,IOS 18.2
1394,Organic Search,IOS 13.4
1395,Organic Search,Android 9.5
1396,Direct,IOS 16.5
1397,Organic Search,IOS 12.0
1398,Direct,Android 9.0
1399,Direct,Android 9.5
1400,Direct,Android 11.3
1401,Meta Ads,IOS 15.0
1402,Organic Search,Android 9.3
1403,Direct,Android 8.3
1404,Direct,Android 10.1
1405,Referral,Android 11.1
1406,Direct,IOS 12.0
1407,Direct,IOS 15.3
1408,Organic Search,IOS 17.4
1409,Apple Ads,IOS 13.2
1410,Organic Search,IOS 18.3
1411,Organic Search,Android 12.3
1412,Referral,IOS 17.4
1413,Referral,IOS 12.4
1414,Google Ads,Android 8.2
1415,Direct,IOS 14.3
1416,Referral,IOS 12.3
1417,Organic Search,IOS 14.3
1418,Direct,Android 10.5
1419,Referral,Android 8.5
1420,Referral,Android 9.5
1421,Organic Search,Android 12.4
1422,Google Ads,IOS 13.5
1423,Direct,Android 12.5
1424,Direct,Android 10.2
1425,Meta Ads,Android 9.2
1426,Referral,IOS 14.0
1427,Meta Ads,IOS 14.2
1428,Referral,Android 12.2
1429,Apple Ads,IOS 18.0
1430,Google Ads,Android 8.1
1431,Google Ads,IOS 15.3
1432,Referral,IOS 17.2
1433,Referral,IOS 14.4
1434,Apple Ads,IOS 17.4
1435,Meta Ads,IOS 16.5
1436,Apple Ads,IOS 14.4
1437,Organic Search,IOS 18.1
1438,Direct,IOS 14.3
1439,Direct,IOS 13.2
1440,Direct,Android 10.1
1441,Google Ads,IOS 14.4
1442,Referral,IOS 16.5
1443,Organic Search,Android 12.5
1444,Referral,IOS 12.5
1445,Apple Ads,IOS 17.0
1446,Referral,Android 11.3
1447,Meta Ads,IOS 18.3
1448,Direct,Android 11.0
1449,Referral,IOS 13.1
1450,Direct,Android 12.3
1451,Direct,IOS 16.0
1452,Referral,IOS 15.1
1453,Referral,IOS 14.2
1454,Referral,IOS 14.1
1455,Direct,IOS 15.2
1456,Referral,IOS 17.3
1457,Referral,Android 12.5
1458,Apple Ads,IOS 12.2
1459,Apple Ads,IOS 17.4
1460,Apple Ads,IOS 17.4
1461,Direct,Android 10.0
1462,Organic Search,Android 8.3
1463,Google Ads,IOS 18.0
1464,Apple Ads,IOS 17.4
1465,Direct,Android 12.1
1466,Organic Search,Android 8.0
1467,Referral,IOS 16.3
1468,Organic Search,IOS 13.3
1469,Google Ads,IOS 16.4
1470,Direct,Android 12.3
1471,Direct,IOS 18.2
1472,Referral,IOS 17.1
1473,Direct,Android 11.1
1474,Google Ads,Android 11.5
1475,Referral,Android 11.4
1476,Organic Search,Android 9.5
1477,Organic Search,Android 12.2
1478,Apple Ads,IOS 16.2
1479,Referral,IOS 15.1
1480,Referral,Android 9.4
1481,Referral,Android 12.4
1482,Apple Ads,IOS 16.2
1483,Organic Search,IOS 18.5
1484,Meta Ads,IOS 16.0
1485,Referral,IOS 17.1
1486,Direct,IOS 18.4
1487,Organic Search,Android 10.1
1488,Apple Ads,IOS 17.4
1489,Meta Ads,IOS 13.1
1490,Referral,IOS 14.3
1491,Organic Search,Android 9.2
1492,Google Ads,Android 10.3
1493,Direct,IOS 16.1
1494,Apple Ads,IOS 17.4
1495,Direct,Android 10.4
1496,Direct,IOS 17.2
1497,Organic Search,IOS 14.0
1498,Organic Search,IOS 13.1
1499,Google Ads,IOS 14.3
1500,Referral,Android 11.2
1501,Referral,IOS 18.5
1502,Referral,IOS 16.5
1503,Organic Search,IOS 14.1
1504,Organic Search,IOS 12.5
1505,Apple Ads,IOS 17.4
1506,Organic Search,IOS 15.4
1507,Direct,Android 12.1
1508,Organic Search,IOS 13.0
1509,Direct,Android 12.0
1510,Google Ads,IOS 13.1
1511,Direct,Android 11.0
1512,Apple Ads,IOS 17.4
1513,Apple Ads,IOS 18.0
1514,Direct,Android 11.0
1515,Referral,IOS 14.1
1516,Direct,Android 11.2
1517,Organic Search,Android 12.5
1518,Google Ads,Android 10.5
1519,Organic Search,IOS 16.0
1520,Direct,Android 9.2
1521,Apple Ads,IOS 17.4
1522,Google Ads,Android 9.0
1523,Referral,Android 10.1
1524,Meta Ads,Android 12.2
1525,Direct,Android 8.2
1526,Organic Search,IOS 15.4
1527,Referral,IOS 16.1
1528,Meta Ads,IOS 14.0
1529,Referral,IOS 15.0
1530,Direct,IOS 15.3
1531,Organic Search,IOS 16.1
1532,Organic Search,IOS 16.2
1533,Direct,IOS 13.0
1534,Google Ads,Android 10.4
1535,Google Ads,IOS 18.1
1536,Referral,Android 11.5
1537,Referral,IOS 15.1
1538,Referral,IOS 15.5
1539,Organic Search,Android 8.4
1540,Direct,IOS 14.4
1541,Direct,IOS 17.0
1542,Organic Search,IOS 12.4
1543,Direct,Android 8.5
1544,Meta Ads,Android 10.4
1545,Direct,Android 8.5
1546,Referral,Android 12.0
1547,Meta Ads,IOS 16.3
1548,Referral,IOS 13.0
1549,Apple Ads,IOS 17.4
1550,Referral,IOS 18.4
1551,Google Ads,IOS 17.3
1552,Direct,IOS 18.2
1553,Google Ads,IOS 18.0
1554,Referral,Android 10.3
1555,Direct,IOS 14.4
1556,Direct,Android 11.3
1557,Organic Search,IOS 13.1
1558,Meta Ads,Android 8.5
1559,Meta Ads,Android 12.5
1560,Referral,Android 12.1
1561,Organic Search,IOS 15.4
1562,Google Ads,Android 10.0
1563,Direct,Android 8.3
1564,Referral,Android 11.4
1565,Referral,Android 12.4
1566,Organic Search,IOS 13.1
1567,Apple Ads,IOS 14.0
1568,Direct,IOS 13.5
1569,Direct,Android 12.1
1570,Referral,Android 9.1
1571,Referral,Android 10.5
1572,Organic Search,IOS 15.4
1573,Direct,Android 11.5
1574,Google Ads,IOS 17.3
1575,Organic Search,Android 9.3
1576,Organic Search,Android 11.1
1577,Organic Search,IOS 12.4
1578,Referral,IOS 17.2
1579,Meta Ads,IOS 16.3
1580,Direct,IOS 15.3
1581,Referral,Android 12.3
1582,Referral,IOS 18.4
1583,Referral,Android 11.1
1584,Direct,IOS 18.0
1585,Direct,IOS 13.5
1586,Google Ads,Android 9.5
1587,Organic Search,Android 10.3
1588,Referral,Android 8.2
1589,Organic Search,IOS 17.4
1590,Apple Ads,IOS 17.5
1591,Referral,Android 8.1
1592,Referral,IOS 13.1
1593,Google Ads,IOS 12.1
1594,Direct,IOS 13.3
1595,Organic Search,Android 9.2
1596,Meta Ads,Android 11.3
1597,Apple Ads,IOS 15.5
1598,Meta Ads,Android 12.4
1599,Referral,IOS 15.5
1600,Apple Ads,IOS 17.4
1601,Organic Search,Android 11.3
1602,Meta Ads,Android 9.5
1603,Referral,Android 11.4
1604,Referral,IOS 15.2
1605,Direct,IOS 16.4
1606,Referral,Android 12.2
1607,Google Ads,Android 9.0
1608,Organic Search,IOS 15.0
1609,Organic Search,IOS 16.1
1610,Direct,IOS 15.3
1611,Meta Ads,IOS 12.4
1612,Apple Ads,IOS 15.1
1613,Organic Search,Android 9.1
1614,Organic Search,IOS 15.5
1615,Meta Ads,IOS 13.0
1616,Referral,IOS 14.0
1617,Google Ads,IOS 12.5
1618,Organic Search,IOS 14.4
1619,Apple Ads,IOS 17.4
1620,Organic Search,Android 8.3
1621,Organic Search,Android 11.2
1622,Referral,Android 10.3
1623,Direct,Android 9.4
1624,Google Ads,Android 8.1
1625,Apple Ads,IOS 17.4
1626,Organic Search,Android 10.0
1627,Referral,IOS 12.2
1628,Direct,IOS 15.5
1629,Organic Search,Android 10.0
1630,Referral,IOS 17.4
1631,Organic Search,Android 11.2
1632,Google Ads,Android 8.3
1633,Apple Ads,IOS 17.4
1634,Referral,Android 8.4
1635,Apple Ads,IOS 17.4
1636,Apple Ads,IOS 14.4
1637,Direct,Android 10.3
1638,Organic Search,IOS 15.4
1639,Organic Search,IOS 16.3
1640,Referral,Android 9.0
1641,Referral,Android 9.4
1642,Referral,Android 9.0
1643,Google Ads,Android 11.3
1644,Referral,Android 10.3
1645,Referral,Android 12.5
1646,Referral,Android 9.1
1647,Referral,Android 8.5
1648,Referral,IOS 15.0
1649,Organic Search,Android 8.2
1650,Direct,IOS 13.4
1651,Organic Search,Android 8.3
1652,Organic Search,IOS 13.4
1653,Apple Ads,IOS 14.3
1654,Organic Search,IOS 18.4
1655,Google Ads,IOS 13.2
1656,Organic Search,IOS 14.0
1657,Google Ads,IOS 16.0
1658,Referral,Android 11.2
1659,Referral,Android 11.3
1660,Referral,Android 10.3
1661,Referral,Android 8.0
1662,Organic Search,IOS 16.5
1663,Direct,IOS 16.4
1664,Organic Search,IOS 17.2
1665,Referral,IOS 14.5
1666,Organic Search,Android 11.3
1667,Organic Search,IOS 17.0
1668,Meta Ads,Android 12.1
1669,Referral,Android 11.2
1670,Organic Search,IOS 15.2
1671,Referral,IOS 12.4
1672,Google Ads,IOS 13.1
1673,Direct,Android 11.4
1674,Direct,Android 12.5
1675,Direct,Android 11.3
1676,Organic Search,IOS 17.4
1677,Direct,IOS 14.1
1678,Organic Search,Android 8.0
1679,Direct,Android 11.1
1680,Direct,Android 9.3
1681,Direct,Android 9.2
1682,Direct,Android 11.0
1683,Referral,IOS 15.0
1684,Google Ads,IOS 12.5
1685,Organic Search,IOS 15.5
1686,Referral,Android 8.0
1687,Apple Ads,IOS 17.4
1688,Direct,IOS 12.3
1689,Google Ads,Android 8.1
1690,Google Ads,IOS 17.2
1691,Organic Search,IOS 16.2
1692,Organic Search,IOS 16.5
1693,Organic Search,IOS 14.2
1694,Referral,IOS 13.5
1695,Google Ads,IOS 15.1
1696,Direct,IOS 16.2
1697,Direct,IOS 16.5
1698,Direct,IOS 17.2
1699,Direct,Android 9.4
1700,Direct,IOS 12.3
1701,Referral,Android 8.4
1702,Referral,IOS 14.5
1703,Referral,IOS 15.2
1704,Referral,IOS 18.0
1705,Direct,IOS 14.3
1706,Referral,IOS 14.5
1707,Direct,IOS 15.3
1708,Meta Ads,IOS 16.1
1709,Direct,IOS 16.4
1710,Referral,IOS 13.3
1711,Organic Search,Android 10.0
1712,Referral,Android 10.3
1713,Direct,IOS 16.1
1714,Direct,Android 9.0
1715,Meta Ads,IOS 13.0
1716,Organic Search,IOS 15.1
1717,Organic Search,Android 8.3
1718,Referral,IOS 13.3
1719,Organic Search,Android 10.2
1720,Organic Search,IOS 12.2
1721,Referral,Android 12.2
1722,Referral,IOS 18.4
1723,Organic Search,IOS 15.5
1724,Google Ads,Android 9.1
1725,Referral,IOS 12.2
1726,Direct,Android 9.0
1727,Google Ads,Android 8.3
1728,Direct,IOS 12.5
1729,Direct,Android 11.2
1730,Referral,IOS 12.5
1731,Organic Search,Android 12.2
1732,Google Ads,IOS 16.5
1733,Direct,Android 10.3
1734,Organic Search,IOS 16.3
1735,Direct,IOS 15.1
1736,Referral,Android 8.2
1737,Organic Search,Android 11.5
1738,Meta Ads,Android 11.0
1739,Direct,Android 11.4
1740,Referral,Android 8.2
1741,Apple Ads,IOS 17.4
1742,Google Ads,IOS 13.2
1743,Referral,Android 10.4
1744,Organic Search,Android 10.1
1745,Organic Search,IOS 14.0
1746,Direct,IOS 12.1
1747,Direct,IOS 16.2
1748,Direct,IOS 13.4
1749,Direct,Android 10.4
1750,Referral,Android 8.1
1751,Referral,IOS 17.4
1752,Meta Ads,Android 11.3
1753,Direct,Android 10.4
1754,Referral,Android 10.1
1755,Google Ads,IOS 18.3
1756,Meta Ads,Android 12.3
1757,Google Ads,Android 12.1
1758,Organic Search,IOS 12.2
1759,Google Ads,IOS 18.3
1760,Apple Ads,IOS 18.2
1761,Referral,IOS 16.2
1762,Referral,Android 10.1
1763,Apple Ads,IOS 17.4
1764,Apple Ads,IOS 15.5
1765,Organic Search,Android 9.4
1766,Direct,IOS 18.1
1767,Direct,IOS 12.4
1768,Organic Search,IOS 14.3
1769,Referral,Android 10.3
1770,Meta Ads,IOS 18.0
1771,Referral,IOS 18.5
1772,Referral,Android 12.0
1773,Direct,Android 10.3
1774,Google Ads,IOS 15.2
1775,Organic Search,IOS 14.0
1776,Organic Search,Android 8.2
1777,Direct,Android 8.4
1778,Referral,Android 11.5
1779,Google Ads,IOS 13.4
1780,Organic Search,IOS 18.0
1781,Apple Ads,IOS 17.4
1782,Organic Search,IOS 18.0
1783,Organic Search,Android 11.3
1784,Meta Ads,Android 8.4
1785,Direct,Android 12.5
1786,Organic Search,IOS 13.0
1787,Organic Search,Android 10.1
1788,Apple Ads,IOS 17.4
1789,Organic Search,Android 8.1
1790,Meta Ads,IOS 12.4
1791,Referral,Android 11.4
1792,Direct,Android 8.4
1793,Referral,IOS 13.5
1794,Direct,IOS 14.2
1795,Organic Search,IOS 12.4
1796,Apple Ads,IOS 14.5
1797,Google Ads,IOS 16.5
1798,Referral,Android 11.4
1799,Meta Ads,IOS 17.1
1800,Organic Search,Android 12.0
1801,Direct,IOS 15.3
1802,Meta Ads,Android 10.5
1803,Direct,Android 12.1
1804,Apple Ads,IOS 12.3
1805,Google Ads,Android 11.0
1806,Direct,IOS 16.2
1807,Organic Search,IOS 12.4
1808,Referral,Android 9.1
1809,Direct,IOS 14.0
1810,Referral,Android 11.1
1811,Google Ads,Android 9.2
1812,Direct,Android 12.1
1813,Referral,Android 11.1
1814,Organic Search,IOS 17.0
1815,Direct,Android 10.1
1816,Referral,IOS 16.0
1817,Referral,Android 11.0
1818,Referral,Android 12.1
1819,Referral,Android 8.3
1820,Organic Search,IOS 16.4
1821,Direct,Android 11.3
1822,Direct,IOS 12.5
1823,Referral,IOS 18.5
1824,Google Ads,Android 11.2
1825,Direct,Android 12.3
1826,Direct,IOS 18.2
1827,Direct,Android 8.3
1828,Meta Ads,IOS 17.0
1829,Apple Ads,IOS 17.4
1830,Referral,Android 11.1
1831,Organic Search,Android 11.2
1832,Referral,IOS 16.1
1833,Organic Search,IOS 18.0
1834,Direct,Android 11.5
1835,Referral,IOS 13.5
1836,Organic Search,IOS 12.2
1837,Apple Ads,IOS 13.5
1838,Organic Search,IOS 14.2
1839,Referral,IOS 16.4
1840,Direct,Android 11.3
1841,Organic Search,Android 11.2
1842,Referral,Android 8.0
1843,Apple Ads,IOS 17.4
1844,Direct,Android 12.3
1845,Direct,IOS 15.4
1846,Google Ads,IOS 13.1
1847,Referral,IOS 17.5
1848,Direct,IOS 16.4
1849,Referral,Android 8.4
1850,Referral,IOS 15.4
1851,Organic Search,IOS 18.2
1852,Meta Ads,IOS 15.1
1853,Direct,Android 9.2
1854,Organic Search,Android 9.2
1855,Referral,IOS 18.3
1856,Direct,IOS 14.4
1857,Apple Ads,IOS 17.3
1858,Referral,IOS 16.1
1859,Organic Search,Android 9.2
1860,Google Ads,IOS 16.5
1861,Referral,Android 9.0
1862,Google Ads,Android 8.0
1863,Direct,Android 10.1
1864,Organic Search,Android 8.0
1865,Direct,IOS 18.0
1866,Apple Ads,IOS 18.1
1867,Direct,Android 12.5
1868,Referral,Android 10.1
1869,Meta Ads,Android 10.2
1870,Organic Search,IOS 12.3
1871,Apple Ads,IOS 16.4
1872,Organic Search,Android 10.3
1873,Direct,Android 8.3
1874,Google Ads,Android 8.3
1875,Direct,IOS 12.4
1876,Referral,IOS 16.0
1877,Google Ads,IOS 13.4
1878,Organic Search,IOS 12.3
1879,Google Ads,Android 10.1
1880,Apple Ads,IOS 17.4
1881,Google Ads,IOS 15.3
1882,Referral,IOS 13.5
1883,Referral,IOS 17.2
1884,Direct,Android 9.0
1885,Organic Search,IOS 13.0
1886,Organic Search,IOS 16.0
1887,Direct,IOS 18.0
1888,Google Ads,Android 8.2
1889,Google Ads,Android 10.2
1890,Meta Ads,IOS 17.2
1891,Direct,IOS 18.5
1892,Direct,IOS 14.5
1893,Direct,IOS 15.5
1894,Referral,IOS 16.2
1895,Google Ads,Android 10.2
1896,Referral,Android 11.1
1897,Direct,IOS 18.5
1898,Direct,IOS 14.1
1899,Google Ads,Android 9.2
1900,Meta Ads,Android 10.1
1901,Organic Search,Android 9.4
1902,Organic Search,IOS 14.5
1903,Organic Search,Android 8.3
1904,Direct,Android 8.5
1905,Meta Ads,Android 10.4
1906,Referral,IOS 16.4
1907,Referral,IOS 13.1
1908,Google Ads,IOS 12.4
1909,Direct,IOS 17.5
1910,Referral,IOS 12.2
1911,Organic Search,Android 10.3
1912,Organic Search,IOS 18.5
1913,Organic Search,Android 9.3
1914,Direct,IOS 17.5
1915,Google Ads,Android 9.1
1916,Google Ads,IOS 12.1
1917,Meta Ads,IOS 15.0
1918,Direct,Android 10.2
1919,Google Ads,Android 12.3
1920,Referral,IOS 15.5
1921,Direct,Android 12.1
1922,Meta Ads,Android 9.3
1923,Meta Ads,IOS 14.2
1924,Referral,IOS 15.1
1925,Referral,IOS 16.5
1926,Direct,IOS 16.1
1927,Organic Search,Android 10.1
1928,Meta Ads,IOS 17.3
1929,Organic Search,IOS 18.0
1930,Referral,IOS 13.2
1931,Direct,IOS 12.4
1932,Referral,Android 10.5
1933,Referral,Android 12.1
1934,Meta Ads,IOS 16.4
1935,Organic Search,IOS 12.4
1936,Organic Search,IOS 15.3
1937,Direct,IOS 12.2
1938,Referral,Android 8.4
1939,Organic Search,Android 12.4
1940,Direct,Android 9.1
1941,Organic Search,IOS 16.3
1942,Meta Ads,IOS 15.2
1943,Organic Search,IOS 17.3
1944,Organic Search,Android 11.5
1945,Meta Ads,IOS 12.5
1946,Direct,Android 10.0
1947,Direct,Android 12.0
1948,Organic Search,IOS 13.3
1949,Direct,IOS 16.3
1950,Organic Search,Android 11.3
1951,Apple Ads,IOS 17.4
1952,Referral,Android 11.3
1953,Referral,IOS 13.2
1954,Referral,IOS 12.3
1955,Direct,Android 12.4
1956,Google Ads,IOS 13.3
1957,Meta Ads,Android 8.2
1958,Organic Search,Android 9.4
1959,Direct,Android 9.3
1960,Meta Ads,Android 11.3
1961,Referral,Android 8.1
1962,Organic Search,IOS 15.3
1963,Organic Search,Android 8.5
1964,Organic Search,IOS 17.0
1965,Organic Search,Android 9.2
1966,Organic Search,Android 12.0
1967,Organic Search,IOS 13.4
1968,Organic Search,Android 10.5
1969,Apple Ads,IOS 17.4
1970,Direct,IOS 15.2
1971,Direct,IOS 18.0
1972,Organic Search,IOS 17.1
1973,Direct,IOS 18.1
1974,Referral,IOS 17.5
1975,Organic Search,Android 11.5
1976,Organic Search,IOS 16.2
1977,Organic Search,IOS 15.1
1978,Organic Search,Android 9.3
1979,Google Ads,Android 9.5
1980,Referral,Android 10.2
1981,Direct,Android 12.5
1982,Meta Ads,IOS 17.2
1983,Referral,IOS 13.1
1984,Organic Search,Android 12.1
1985,Direct,IOS 14.0
1986,Referral,Android 11.5
1987,Referral,IOS 12.5
1988,Organic Search,Android 10.4
1989,Referral,Android 12.1
1990,Direct,IOS 15.4
1991,Referral,Android 12.2
1992,Organic Search,IOS 18.2
1993,Organic Search,Android 9.5
1994,Organic Search,Android 10.1
1995,Organic Search,Android 12.1
1996,Organic Search,IOS 17.1
1997,Organic Search,Android 10.2
1998,Organic Search,Android 11.4
1999,Organic Search,Android 9.4
2000,Organic Search,Android 11.3
2001,Referral,Android 8.3
2002,Referral,IOS 13.4
2003,Google Ads,Android 9.0
2004,Referral,Android 9.5
2005,Organic Search,Android 9.0
2006,Direct,Android 9.0
2007,Organic Search,IOS 14.3
2008,Referral,IOS 16.1
2009,Referral,IOS 14.4
2010,Referral,Android 9.0
2011,Direct,Android 10.0
2012,Organic Search,Android 8.0
2013,Organic Search,Android 10.0
2014,Apple Ads,IOS 17.1
2015,Referral,IOS 15.0
2016,Direct,Android 10.4
2017,Google Ads,Android 11.0
2018,Organic Search,Android 8.0
2019,Direct,IOS 16.5
2020,Apple Ads,IOS 17.4
2021,Apple Ads,IOS 18.5
2022,Organic Search,IOS 18.1
2023,Direct,Android 11.3
2024,Direct,Android 11.0
2025,Referral,IOS 16.5
2026,Meta Ads,IOS 12.3
2027,Meta Ads,IOS 13.3
2028,Referral,IOS 13.2
2029,Referral,IOS 16.0
2030,Direct,IOS 18.2
2031,Direct,IOS 15.2
2032,Organic Search,Android 11.2
2033,Direct,Android 8.3
2034,Organic Search,IOS 14.1
2035,Meta Ads,Android 8.5
2036,Google Ads,Android 10.4
2037,Direct,Android 10.4
2038,Referral,IOS 17.0
2039,Apple Ads,IOS 12.0
2040,Referral,Android 10.1
2041,Direct,IOS 17.1
2042,Referral,IOS 15.4
2043,Direct,IOS 12.2
2044,Organic Search,IOS 15.4
2045,Organic Search,IOS 18.1
2046,Google Ads,Android 11.4
2047,Direct,IOS 14.4
2048,Referral,Android 8.1
2049,Meta Ads,Android 12.5
2050,Direct,IOS 16.0
2051,Direct,IOS 15.0
2052,Organic Search,Android 8.2
2053,Direct,Android 8.3
2054,Google Ads,IOS 14.5
2055,Organic Search,Android 8.1
2056,Apple Ads,IOS 17.4
2057,Referral,IOS 18.2
2058,Google Ads,IOS 18.0
2059,Apple Ads,IOS 17.4
2060,Apple Ads,IOS 17.4
2061,Apple Ads,IOS 17.4
2062,Organic Search,IOS 18.5
2063,Organic Search,Android 9.4
2064,Referral,IOS 14.5
2065,Direct,IOS 13.2
2066,Referral,IOS 17.3
2067,Referral,IOS 14.4
2068,Meta Ads,Android 10.3
2069,Direct,IOS 18.1
2070,Referral,IOS 13.2
2071,Referral,Android 10.1
2072,Direct,Android 10.1
2073,Direct,Android 9.3
2074,Meta Ads,IOS 13.4
2075,Google Ads,Android 10.4
2076,Organic Search,Android 11.3
2077,Meta Ads,Android 9.1
2078,Direct,IOS 15.0
2079,Referral,IOS 15.3
2080,Direct,IOS 17.0
2081,Direct,IOS 15.1
2082,Referral,Android 10.4
2083,Referral,IOS 12.3
2084,Organic Search,IOS 13.0
2085,Referral,Android 11.1
2086,Referral,IOS 13.1
2087,Direct,Android 9.1
2088,Direct,IOS 13.1
2089,Referral,Android 11.5
2090,Organic Search,Android 9.0
2091,Google Ads,Android 12.1
2092,Apple Ads,IOS 16.4
2093,Organic Search,Android 11.1
2094,Organic Search,IOS 16.4
2095,Organic Search,Android 9.2
2096,Direct,IOS 13.3
2097,Organic Search,IOS 16.2
2098,Google Ads,Android 12.0
2099,Direct,IOS 17.3
2100,Meta Ads,IOS 16.0
2101,Organic Search,Android 12.5
2102,Organic Search,Android 12.0
2103,Organic Search,Android 10.3
2104,Google Ads,Android 10.4
2105,Organic Search,IOS 17.2
2106,Direct,Android 10.4
2107,Google Ads,Android 11.1
2108,Organic Search,Android 8.5
2109,Direct,IOS 15.2
2110,Apple Ads,IOS 15.2
2111,Direct,IOS 17.5
2112,Referral,IOS 12.0
2113,Google Ads,IOS 12.3
2114,Direct,IOS 18.1
2115,Direct,Android 8.0
2116,Direct,IOS 16.5
2117,Direct,Android 12.3
2118,Google Ads,Android 9.4
2119,Google Ads,IOS 18.5
2120,Referral,Android 9.2
2121,Organic Search,IOS 15.1
2122,Referral,IOS 12.4
2123,Referral,IOS 17.0
2124,Referral,Android 10.3
2125,Direct,IOS 16.4
2126,Direct,IOS 14.4
2127,Meta Ads,IOS 16.1
2128,Apple Ads,IOS 17.4
2129,Direct,IOS 14.1
2130,Google Ads,Android 10.0
2131,Referral,Android 11.5
2132,Direct,Android 9.4
2133,Apple Ads,IOS 15.0
2134,Referral,IOS 15.0
2135,Apple Ads,IOS 15.5
2136,Referral,Android 8.4
2137,Referral,IOS 14.4
2138,Organic Search,Android 12.3
2139,Referral,IOS 16.4
2140,Direct,Android 11.0
2141,Organic Search,Android 9.3
2142,Referral,Android 11.3
2143,Direct,Android 11.0
2144,Referral,Android 9.4
2145,Direct,IOS 12.4
2146,Organic Search,Android 8.2
2147,Direct,IOS 12.4
2148,Organic Search,IOS 12.2
2149,Meta Ads,IOS 13.4
2150,Google Ads,IOS 14.2
2151,Referral,Android 12.5
2152,Organic Search,Android 10.5
2153,Google Ads,Android 9.2
2154,Referral,IOS 14.0
2155,Referral,Android 12.2
2156,Referral,IOS 12.4
2157,Google Ads,Android 12.2
2158,Direct,IOS 17.3
2159,Referral,IOS 17.5
2160,Organic Search,Android 8.0
2161,Direct,Android 12.3
2162,Referral,Android 11.4
2163,Organic Search,IOS 13.1
2164,Google Ads,Android 12.2
2165,Meta Ads,Android 11.4
2166,Organic Search,Android 12.4
2167,Direct,Android 9.5
2168,Direct,IOS 14.1
2169,Organic Search,Android 10.2
2170,Organic Search,IOS 18.4
2171,Organic Search,Android 8.2
2172,Organic Search,Android 11.4
2173,Apple Ads,IOS 17.2
2174,Direct,Android 8.5
2175,Referral,Android 9.3
2176,Direct,Android 8.0
2177,Referral,Android 9.2
2178,Direct,Android 8.0
2179,Referral,IOS 18.1
2180,Referral,Android 10.1
2181,Referral,IOS 18.3
2182,Google Ads,IOS 13.4
2183,Referral,IOS 12.0
2184,Apple Ads,IOS 12.3
2185,Referral,IOS 17.3
2186,Direct,Android 9.5
2187,Organic Search,IOS 15.0
2188,Google Ads,IOS 13.3
2189,Organic Search,IOS 16.4
2190,Referral,Android 12.4
2191,Direct,IOS 18.3
2192,Direct,IOS 18.5
2193,Direct,Android 8.2
2194,Apple Ads,IOS 14.5
2195,Organic Search,IOS 16.2
2196,Direct,Android 10.0
2197,Direct,IOS 16.4
2198,Organic Search,IOS 13.5
2199,Meta Ads,IOS 16.4
2200,Referral,IOS 12.4
2201,Organic Search,Android 8.5
2202,Referral,Android 12.5
2203,Organic Search,Android 8.1
2204,Direct,Android 8.0
2205,Referral,IOS 17.3
2206,Direct,Android 12.4
2207,Apple Ads,IOS 17.4
2208,Referral,IOS 18.2
2209,Referral,Android 11.5
2210,Referral,IOS 15.2
2211,Direct,Android 12.4
2212,Referral,Android 10.0
2213,Organic Search,Android 12.5
2214,Google Ads,Android 9.5
2215,Organic Search,IOS 15.5
2216,Referral,IOS 17.0
2217,Direct,Android 8.2
2218,Google Ads,IOS 12.2
2219,Meta Ads,Android 12.1
2220,Direct,Android 11.1
2221,Direct,Android 10.5
2222,Organic Search,IOS 18.4
2223,Direct,Android 9.4
2224,Organic Search,Android 11.5
2225,Direct,Android 11.1
2226,Referral,IOS 14.3
2227,Organic Search,Android 8.0
2228,Direct,IOS 16.3
2229,Organic Search,Android 8.4
2230,Direct,IOS 18.0
2231,Organic Search,IOS 15.2
2232,Organic Search,IOS 17.1
2233,Direct,IOS 15.1
2234,Referral,Android 12.2
2235,Organic Search,Android 9.0
2236,Direct,IOS 15.5
2237,Organic Search,Android 10.0
2238,Organic Search,Android 9.4
2239,Referral,Android 12.1
2240,Referral,Android 8.3
2241,Meta Ads,Android 11.0
2242,Organic Search,IOS 17.0
2243,Apple Ads,IOS 17.4
2244,Google Ads,IOS 13.4
2245,Referral,Android 12.4
2246,Organic Search,IOS 12.2
2247,Organic Search,IOS 17.4
2248,Direct,IOS 14.2
2249,Organic Search,IOS 13.2
2250,Organic Search,IOS 12.3
2251,Referral,IOS 15.5
2252,Referral,IOS 12.2
2253,Referral,IOS 17.3
2254,Direct,IOS 12.4
2255,Referral,IOS 16.3
2256,Direct,Android 9.1
2257,Direct,IOS 13.4
2258,Referral,Android 11.4
2259,Organic Search,Android 10.1
2260,Organic Search,IOS 12.0
2261,Meta Ads,IOS 16.3
2262,Referral,IOS 16.3
2263,Direct,Android 12.3
2264,Apple Ads,IOS 16.5
2265,Direct,Android 10.0
2266,Referral,Android 12.4
2267,Organic Search,IOS 17.4
2268,Apple Ads,IOS 17.4
2269,Referral,Android 9.2
2270,Referral,IOS 13.3
2271,Direct,IOS 15.1
2272,Google Ads,Android 12.5
2273,Referral,Android 12.4
2274,Referral,Android 9.0
2275,Referral,IOS 17.3
2276,Referral,Android 12.3
2277,Referral,IOS 18.2
2278,Referral,Android 12.1
2279,Google Ads,IOS 18.5
2280,Apple Ads,IOS 17.2
2281,Organic Search,Android 10.2
2282,Direct,Android 9.5
2283,Organic Search,IOS 12.4
2284,Direct,Android 11.0
2285,Referral,IOS 14.3
2286,Referral,Android 10.0
2287,Organic Search,IOS 13.0
2288,Referral,Android 11.5
2289,Organic Search,Android 9.1
2290,Direct,IOS 18.0
2291,Direct,IOS 16.2
2292,Direct,Android 12.2
2293,Apple Ads,IOS 17.4
2294,Apple Ads,IOS 14.0
2295,Organic Search,IOS 12.4
2296,Google Ads,Android 9.5
2297,Google Ads,IOS 14.3
2298,Organic Search,IOS 18.5
2299,Direct,IOS 15.2
2300,Referral,Android 9.3
2301,Organic Search,IOS 17.4
2302,Referral,IOS 15.1
2303,Organic Search,IOS 16.3
2304,Meta Ads,Android 12.0
2305,Direct,IOS 13.5
2306,Direct,Android 11.2
2307,Google Ads,Android 10.1
2308,Referral,Android 11.1
2309,Organic Search,Android 8.4
2310,Referral,Android 9.3
2311,Google Ads,IOS 17.3
2312,Organic Search,Android 8.3
2313,Referral,IOS 13.1
2314,Referral,IOS 16.1
2315,Apple Ads,IOS 13.0
2316,Referral,Android 12.4
2317,Referral,Android 10.1
2318,Organic Search,IOS 12.5
2319,Referral,IOS 12.0
2320,Google Ads,Android 10.3
2321,Google Ads,Android 10.5
2322,Organic Search,Android 10.1
2323,Direct,Android 9.3
2324,Referral,Android 10.0
2325,Google Ads,Android 12.4
2326,Meta Ads,Android 9.0
2327,Direct,IOS 18.2
2328,Organic Search,Android 9.2
2329,Referral,Android 10.1
2330,Referral,IOS 17.2
2331,Direct,Android 10.0
2332,Referral,IOS 17.1
2333,Referral,Android 8.2
2334,Organic Search,Android 8.1
2335,Organic Search,IOS 15.5
2336,Organic Search,Android 11.4
2337,Organic Search,IOS 15.2
2338,Referral,IOS 18.2
2339,Organic Search,Android 9.5
2340,Referral,IOS 16.2
2341,Direct,Android 12.0
2342,Organic Search,IOS 15.2
2343,Organic Search,Android 11.3
2344,Organic Search,Android 9.5
2345,Referral,Android 11.0
2346,Organic Search,IOS 17.4
2347,Direct,Android 12.2
2348,Organic Search,IOS 16.3
2349,Apple Ads,IOS 17.4
2350,Direct,Android 8.1
2351,Direct,Android 10.5
2352,Organic Search,Android 11.0
2353,Apple Ads,IOS 16.0
2354,Google Ads,IOS 15.1
2355,Referral,Android 11.0
2356,Google Ads,IOS 13.0
2357,Referral,Android 11.5
2358,Referral,IOS 18.0
2359,Referral,Android 10.2
2360,Meta Ads,IOS 18.0
2361,Direct,IOS 14.0
2362,Meta Ads,Android 10.1
2363,Google Ads,Android 8.1
2364,Meta Ads,Android 11.5
2365,Google Ads,Android 10.1
2366,Google Ads,IOS 16.0
2367,Direct,IOS 13.2
2368,Organic Search,Android 10.4
2369,Referral,Android 10.3
2370,Referral,Android 8.5
2371,Referral,Android 8.3
2372,Direct,Android 11.1
2373,Referral,IOS 17.1
2374,Direct,IOS 18.1
2375,Meta Ads,Android 10.4
2376,Referral,Android 10.0
2377,Organic Search,Android 8.2
2378,Referral,Android 12.3
2379,Direct,Android 8.4
2380,Organic Search,IOS 12.4
2381,Google Ads,IOS 12.3
2382,Meta Ads,IOS 18.2
2383,Direct,IOS 13.4
2384,Referral,Android 8.1
2385,Referral,IOS 13.2
2386,Organic Search,IOS 12.1
2387,Meta Ads,IOS 14.1
2388,Google Ads,Android 12.5
2389,Direct,Android 8.0
2390,Referral,IOS 16.2
2391,Organic Search,IOS 18.5
2392,Organic Search,Android 11.1
2393,Meta Ads,IOS 13.1
2394,Organic Search,Android 10.4
2395,Direct,Android 8.2
2396,Direct,IOS 18.4
2397,Direct,Android 11.4
2398,Organic Search,IOS 12.1
2399,Referral,Android 11.2
2400,Google Ads,IOS 13.0
2401,Organic Search,Android 9.0
2402,Direct,Android 9.0
2403,Direct,IOS 14.3
2404,Organic Search,Android 11.2
2405,Direct,IOS 12.5
2406,Direct,Android 11.1
2407,Organic Search,IOS 17.2
2408,Direct,IOS 18.5
2409,Direct,Android 10.4
2410,Direct,IOS 15.3
2411,Google Ads,IOS 15.4
2412,Organic Search,Android 10.4
2413,Direct,IOS 14.2
2414,Direct,IOS 17.5
2415,Referral,Android 11.0
2416,Apple Ads,IOS 17.4
2417,Apple Ads,IOS 15.2
2418,Direct,IOS 15.3
2419,Referral,Android 12.5
2420,Organic Search,Android 12.2
2421,Referral,IOS 16.0
2422,Organic Search,IOS 15.1
2423,Referral,IOS 12.1
2424,Organic Search,IOS 13.5
2425,Google Ads,Android 12.2
2426,Referral,Android 11.2
2427,Direct,Android 8.0
2428,Meta Ads,Android 12.0
2429,Organic Search,IOS 14.4
2430,Referral,Android 9.0
2431,Apple Ads,IOS 13.2
2432,Organic Search,Android 8.5
2433,Direct,Android 12.5
2434,Organic Search,IOS 13.3
2435,Organic Search,Android 10.4
2436,Apple Ads,IOS 17.4
2437,Direct,IOS 15.4
2438,Apple Ads,IOS 17.4
2439,Meta Ads,IOS 12.1
2440,Direct,Android 11.4
2441,Direct,Android 10.4
2442,Organic Search,Android 11.1
2443,Direct,Android 8.2
2444,Referral,IOS 17.1
2445,Referral,IOS 14.3
2446,Google Ads,Android 11.2
2447,Referral,Android 10.1
2448,Referral,Android 12.5
2449,Meta Ads,IOS 13.0
2450,Direct,IOS 16.4
2451,Organic Search,Android 10.4
2452,Referral,Android 10.1
2453,Google Ads,Android 11.2
2454,Referral,IOS 18.0
2455,Referral,Android 10.0
2456,Direct,Android 12.2
2457,Direct,Android 8.0
2458,Referral,IOS 15.1
2459,Organic Search,IOS 12.4
2460,Direct,IOS 18.0
2461,Referral,Android 9.3
2462,Direct,IOS 13.1
2463,Direct,IOS 13.1
2464,Organic Search,Android 10.3
2465,Google Ads,Android 8.1
2466,Direct,Android 8.3
2467,Organic Search,IOS 14.0
2468,Google Ads,Android 9.5
2469,Organic Search,Android 11.1
2470,Direct,Android 10.5
2471,Direct,IOS 17.1
2472,Referral,Android 8.5
2473,Apple Ads,IOS 15.4
2474,Referral,Android 9.4
2475,Organic Search,Android 10.3
2476,Referral,IOS 12.4
2477,Referral,Android 12.2
2478,Referral,Android 12.3
2479,Google Ads,Android 10.2
2480,Direct,IOS 12.2
2481,Meta Ads,Android 8.1
2482,Meta Ads,IOS 17.5
2483,Google Ads,Android 11.5
2484,Organic Search,IOS 14.0
2485,Google Ads,IOS 16.2
2486,Direct,IOS 18.2
2487,Referral,IOS 12.1
2488,Organic Search,IOS 13.1
2489,Direct,Android 10.3
2490,Referral,Android 10.0
2491,Apple Ads,IOS 17.4
2492,Direct,IOS 16.4
2493,Organic Search,Android 10.0
2494,Referral,Android 10.3
2495,Organic Search,Android 11.2
2496,Organic Search,IOS 14.4
2497,Direct,IOS 16.0
2498,Google Ads,Android 8.1
2499,Meta Ads,Android 12.3
2500,Organic Search,IOS 16.1
2501,Direct,IOS 18.2
2502,Referral,IOS 13.1
2503,Organic Search,Android 12.3
2504,Direct,IOS 16.3
2505,Meta Ads,Android 11.5
2506,Organic Search,Android 11.5
2507,Organic Search,Android 11.2
2508,Organic Search,IOS 18.1
2509,Direct,IOS 13.0
2510,Organic Search,Android 8.3
2511,Direct,IOS 12.4
2512,Google Ads,IOS 12.1
2513,Direct,Android 10.1
2514,Apple Ads,IOS 12.5
2515,Referral,IOS 17.5
2516,Direct,Android 12.5
2517,Organic Search,IOS 13.1
2518,Organic Search,IOS 18.0
2519,Google Ads,Android 11.2
2520,Organic Search,IOS 12.3
2521,Meta Ads,Android 8.1
2522,Direct,Android 8.2
2523,Google Ads,Android 10.4
2524,Organic Search,Android 10.0
2525,Google Ads,Android 12.4
2526,Referral,IOS 17.3
2527,Google Ads,IOS 17.4
2528,Google Ads,Android 11.1
2529,Referral,IOS 17.2
2530,Referral,IOS 17.1
2531,Referral,IOS 14.4
2532,Google Ads,IOS 14.1
2533,Direct,Android 12.0
2534,Organic Search,IOS 17.5
2535,Organic Search,IOS 12.2
2536,Organic Search,IOS 14.5
2537,Direct,Android 8.1
2538,Google Ads,Android 8.4
2539,Referral,Android 9.4
2540,Referral,IOS 16.0
2541,Organic Search,IOS 13.2
2542,Meta Ads,Android 11.3
2543,Direct,Android 11.4
2544,Meta Ads,IOS 14.1
2545,Organic Search,IOS 15.0
2546,Organic Search,IOS 14.5
2547,Organic Search,IOS 13.4
2548,Organic Search,Android 9.5
2549,Organic Search,IOS 14.2
2550,Google Ads,Android 9.0
2551,Direct,Android 12.2
2552,Organic Search,IOS 14.5
2553,Direct,IOS 12.1
2554,Apple Ads,IOS 17.4
2555,Organic Search,IOS 15.1
2556,Direct,Android 9.3
2557,Referral,IOS 15.0
2558,Direct,IOS 14.1
2559,Direct,IOS 15.0
2560,Organic Search,Android 8.1
2561,Referral,IOS 13.0
2562,Google Ads,Android 12.5
2563,Referral,IOS 12.0
2564,Referral,IOS 17.5
2565,Referral,IOS 17.3
2566,Apple Ads,IOS 12.0
2567,Referral,Android 12.0
2568,Apple Ads,IOS 17.4
2569,Meta Ads,Android 9.4
2570,Organic Search,IOS 15.5
2571,Referral,IOS 15.0
2572,Apple Ads,IOS 17.4
2573,Referral,IOS 16.3
2574,Direct,Android 10.0
2575,Apple Ads,IOS 17.4
2576,Referral,IOS 16.4
2577,Direct,IOS 16.2
2578,Organic Search,Android 12.3
2579,Referral,Android 12.3
2580,Organic Search,IOS 13.4
2581,Meta Ads,IOS 16.2
2582,Organic Search,Android 8.1
2583,Organic Search,IOS 16.0
2584,Referral,IOS 15.1
2585,Meta Ads,IOS 17.3
2586,Referral,Android 9.1
2587,Direct,Android 9.1
2588,Meta Ads,Android 12.5
2589,Organic Search,IOS 12.0
2590,Apple Ads,IOS 17.4
2591,Meta Ads,IOS 17.0
2592,Direct,IOS 15.5
2593,Google Ads,Android 8.1
2594,Referral,IOS 16.2
2595,Organic Search,Android 10.0
2596,Referral,IOS 12.1
2597,Organic Search,Android 11.2
2598,Referral,IOS 16.5
2599,Direct,IOS 12.1
2600,Google Ads,IOS 12.5
2601,Organic Search,Android 11.1
2602,Organic Search,IOS 17.3
2603,Direct,Android 10.3
2604,Direct,IOS 18.2
2605,Organic Search,Android 9.3
2606,Organic Search,IOS 15.5
2607,Direct,IOS 13.0
2608,Direct,IOS 16.3
2609,Organic Search,IOS 15.4
2610,Organic Search,IOS 18.3
2611,Referral,Android 8.1
2612,Referral,IOS 13.4
2613,Referral,Android 12.2
2614,Organic Search,IOS 16.4
2615,Organic Search,IOS 16.2
2616,Organic Search,IOS 15.0
2617,Referral,IOS 17.2
2618,Organic Search,Android 8.1
2619,Direct,Android 8.0
2620,Google Ads,Android 10.1
2621,Organic Search,IOS 16.0
2622,Direct,Android 10.1
2623,Google Ads,Android 12.0
2624,Direct,Android 11.1
2625,Referral,Android 9.3
2626,Apple Ads,IOS 15.0
2627,Apple Ads,IOS 17.4
2628,Direct,IOS 15.4
2629,Organic Search,IOS 18.1
2630,Google Ads,Android 8.4
2631,Referral,IOS 14.0
2632,Organic Search,Android 11.2
2633,Google Ads,IOS 12.2
2634,Direct,Android 8.5
2635,Direct,Android 10.5
2636,Referral,IOS 12.2
2637,Referral,Android 12.1
2638,Meta Ads,IOS 13.2
2639,Organic Search,IOS 12.2
2640,Organic Search,Android 9.0
2641,Referral,IOS 12.0
2642,Meta Ads,Android 10.5
2643,Meta Ads,Android 8.4
2644,Referral,Android 11.2
2645,Organic Search,IOS 17.5
2646,Direct,Android 11.1
2647,Referral,IOS 17.5
2648,Organic Search,IOS 18.2
2649,Apple Ads,IOS 18.5
2650,Organic Search,IOS 14.5
2651,Meta Ads,IOS 15.2
2652,Referral,IOS 15.2
2653,Direct,Android 9.2
2654,Referral,Android 10.4
2655,Organic Search,Android 10.1
2656,Organic Search,IOS 17.2
2657,Organic Search,Android 9.4
2658,Apple Ads,IOS 17.4
2659,Organic Search,Android 12.0
2660,Meta Ads,IOS 17.1
2661,Direct,Android 9.2
2662,Organic Search,Android 10.1
2663,Referral,Android 12.1
2664,Referral,Android 8.3
2665,Organic Search,Android 12.0
2666,Referral,Android 8.1
2667,Referral,Android 11.2
2668,Referral,Android 11.2
2669,Direct,Android 11.1
2670,Referral,IOS 16.2
2671,Referral,Android 9.2
2672,Direct,IOS 13.4
2673,Direct,IOS 16.3
2674,Referral,Android 9.1
2675,Meta Ads,Android 12.5
2676,Organic Search,Android 10.3
2677,Organic Search,Android 10.1
2678,Meta Ads,Android 9.2
